{
  "柏崎刈羽1号機": {
    "structural": {
      "applied_force_N": 3.811619114131741,
      "wr_max_deflection_mm": 11.699999999999998,
      "contact_occurred": true,
      "cascade_depth": 5,
      "rod_deflections_mm": [
        31.44324926170114,
        19.2802744831908,
        10.76619213823356,
        4.806334496763491,
        0.6344341477344448
      ],
      "contact_forces_N": [
        1.191294103394468,
        0.7304740395143686,
        0.40789999479829914,
        0.18209816349705044,
        0.0240368815861764
      ],
      "rod_stresses_MPa": [
        13.487328894812121,
        8.270118681843236,
        4.618071532765015,
        2.06163852841026,
        0.2721354253619315
      ]
    },
    "parametric_study": {
      "forces_N": [
        0.0,
        0.12964690864393674,
        0.2592938172878735,
        0.3889407259318102,
        0.518587634575747,
        0.6482345432196837,
        0.7778814518636205,
        0.9075283605075573,
        1.037175269151494,
        1.1668221777954306,
        1.2964690864393673,
        1.4261159950833042,
        1.555762903727241,
        1.6854098123711776,
        1.8150567210151145,
        1.9447036296590512,
        2.074350538302988,
        2.2039974469469246,
        2.3336443555908613,
        2.463291264234798,
        2.5929381728787346,
        2.7225850815226718,
        2.8522319901666084,
        2.981878898810545,
        3.111525807454482,
        3.2411727160984185,
        3.370819624742355,
        3.500466533386292,
        3.630113442030229,
        3.7597603506741657,
        3.8894072593181024,
        4.019054167962039,
        4.148701076605976,
        4.278347985249913,
        4.407994893893849,
        4.537641802537786,
        4.6672887111817225,
        4.79693561982566,
        4.926582528469596,
        5.056229437113533,
        5.185876345757469,
        5.315523254401406,
        5.4451701630453435,
        5.57481707168928,
        5.704463980333217,
        5.834110888977153,
        5.96375779762109,
        6.0934047062650265,
        6.223051614908964,
        6.352698523552901
      ],
      "wr_deflections_mm": [
        0.0,
        0.3979591836734692,
        0.7959183673469384,
        1.1938775510204076,
        1.5918367346938769,
        1.9897959183673457,
        2.387755102040815,
        2.7857142857142847,
        3.1836734693877538,
        3.581632653061223,
        3.9795918367346914,
        4.377551020408162,
        4.77551020408163,
        5.173469387755099,
        5.571428571428569,
        5.969387755102039,
        6.3673469387755075,
        6.765306122448977,
        7.163265306122446,
        7.561224489795915,
        7.959183673469383,
        8.357142857142852,
        8.755102040816324,
        9.153061224489791,
        9.55102040816326,
        9.948979591836729,
        10.346938775510198,
        10.744897959183668,
        11.142857142857139,
        11.540816326530608,
        11.938775510204078,
        12.336734693877544,
        12.734693877551015,
        13.132653061224485,
        13.530612244897954,
        13.928571428571423,
        14.326530612244891,
        14.72448979591836,
        15.12244897959183,
        15.520408163265298,
        15.918367346938766,
        16.316326530612237,
        16.714285714285705,
        17.11224489795918,
        17.510204081632647,
        17.908163265306115,
        18.306122448979583,
        18.704081632653054,
        19.10204081632652,
        19.499999999999993
      ],
      "contact_flags": [
        false,
        false,
        false,
        false,
        false,
        false,
        false,
        false,
        false,
        false,
        true,
        true,
        true,
        true,
        true,
        true,
        true,
        true,
        true,
        true,
        true,
        true,
        true,
        true,
        true,
        true,
        true,
        true,
        true,
        true,
        true,
        true,
        true,
        true,
        true,
        true,
        true,
        true,
        true,
        true,
        true,
        true,
        true,
        true,
        true,
        true,
        true,
        true,
        true,
        true
      ],
      "cascade_depths": [
        0,
        0,
        0,
        0,
        0,
        0,
        0,
        0,
        0,
        0,
        1,
        2,
        2,
        2,
        2,
        2,
        2,
        3,
        3,
        3,
        3,
        3,
        4,
        4,
        4,
        4,
        4,
        4,
        4,
        5,
        5,
        5,
        5,
        5,
        5,
        5,
        5,
        5,
        5,
        5,
        5,
        5,
        5,
        5,
        5,
        5,
        5,
        5,
        5,
        5
      ],
      "critical_force_N": 1.2705397047105802
    },
    "thermal": {
      "normal": {
        "T_coolant_C": 286.0,
        "T_clad_outer_C": 317.1162511387154,
        "T_clad_inner_C": 382.80385575299096,
        "T_pellet_surface_C": 599.4434155678211,
        "T_pellet_center_C": 1419.578892009678,
        "T_UO2_melting_C": 2865.0,
        "linear_power_W_m": 36071.442228333435,
        "surface_heat_flux_kW_m2": 933.4875341614631,
        "contact_reduction": 1.0
      },
      "mild_contact": {
        "T_coolant_C": 286.0,
        "T_clad_outer_C": 318.7539485670689,
        "T_clad_inner_C": 384.44155318134443,
        "T_pellet_surface_C": 601.0811129961746,
        "T_pellet_center_C": 1421.2165894380314,
        "T_UO2_melting_C": 2865.0,
        "linear_power_W_m": 36071.442228333435,
        "surface_heat_flux_kW_m2": 933.4875341614631,
        "contact_reduction": 0.95
      },
      "moderate_contact": {
        "T_coolant_C": 286.0,
        "T_clad_outer_C": 320.57361237635047,
        "T_clad_inner_C": 386.261216990626,
        "T_pellet_surface_C": 602.9007768054562,
        "T_pellet_center_C": 1423.0362532473132,
        "T_UO2_melting_C": 2865.0,
        "linear_power_W_m": 36071.442228333435,
        "surface_heat_flux_kW_m2": 933.4875341614631,
        "contact_reduction": 0.9
      },
      "severe_contact": {
        "T_coolant_C": 286.0,
        "T_clad_outer_C": 324.89531392339427,
        "T_clad_inner_C": 390.5829185376698,
        "T_pellet_surface_C": 607.2224783524999,
        "T_pellet_center_C": 1427.3579547943568,
        "T_UO2_melting_C": 2865.0,
        "linear_power_W_m": 36071.442228333435,
        "surface_heat_flux_kW_m2": 933.4875341614631,
        "contact_reduction": 0.8
      },
      "extreme_contact": {
        "T_coolant_C": 286.0,
        "T_clad_outer_C": 330.45178734102205,
        "T_clad_inner_C": 396.1393919552976,
        "T_pellet_surface_C": 757.2053249800144,
        "T_pellet_center_C": 1577.3408014218712,
        "T_UO2_melting_C": 2865.0,
        "linear_power_W_m": 36071.442228333435,
        "surface_heat_flux_kW_m2": 933.4875341614631,
        "contact_reduction": 0.7
      }
    },
    "integrity_assessment": {
      "timestamp": "2026-02-09T22:48:59.555777",
      "criteria": [
        {
          "item": "被覆管曲げ応力",
          "value_MPa": 13.5,
          "limit_MPa": 160.0,
          "ratio": 0.084,
          "status": "OK"
        },
        {
          "item": "被覆管外面温度 (normal)",
          "value_C": 317.1,
          "limit_C": 400.0,
          "ratio": 0.793,
          "status": "OK"
        },
        {
          "item": "被覆管外面温度 (mild_contact)",
          "value_C": 318.8,
          "limit_C": 400.0,
          "ratio": 0.797,
          "status": "OK"
        },
        {
          "item": "被覆管外面温度 (moderate_contact)",
          "value_C": 320.6,
          "limit_C": 400.0,
          "ratio": 0.801,
          "status": "OK"
        },
        {
          "item": "被覆管外面温度 (severe_contact)",
          "value_C": 324.9,
          "limit_C": 400.0,
          "ratio": 0.812,